2018-02-13 06:21:00,1,Caryn Keal,+1 714 252 1976,ckealg@cnn.com,Female,Jakarta-Bandung,2018-02-14 06:00:00,2018-02-14 08:00:00
2018-02-22 12:51:00,2,Grace Marqyes,+62 740 567 0639,gmarqyesj@ow.ly,Male,Bandung-Jakarta,2018-02-23 12:00:00,2018-02-23 14:00:00
2018-03-13 02:13:00,3,Mallory Acarson,+386 459 761 0257,macarson0@europa.eu,Male,Bandung-Jakarta,2018-03-14 02:00:00,2018-03-14 04:00:00
2018-03-20 11:58:00,4,Gabriela Garr,+86 582 766 6260,ggarr7@google.co.uk,Female,Jakarta-Bandung,2018-03-21 11:00:00,2018-03-21 13:00:00
2018-03-27 01:49:00,5,Cordey Miners,+977 965 487 9725,cminers6@sciencedirect.com,Female,Jakarta-Bandung,2018-03-28 01:00:00,2018-03-28 03:00:00
2018-04-18 09:14:00,6,Druci Flett,+370 900 166 8375,dflettb@people.com.cn,Female,Jakarta-Bandung,2018-04-19 09:00:00,2018-04-19 11:00:00
2018-05-28 08:36:00,7,Hatti Bernardon,+965 192 566 1637,hbernardon4@stumbleupon.com,Female,Bandung-Jakarta,2018-05-29 08:00:00,2018-05-29 10:00:00
2018-06-02 12:59:00,8,Hirsch Fassam,+62 475 896 4443,hfassam5@unc.edu,Male,Bandung-Jakarta,2018-06-03 12:00:00,2018-06-03 14:00:00
2018-06-27 01:52:00,9,Elayne Repp,+1 650 975 7359,ereppd@psu.edu,Female,Jakarta-Bandung,2018-06-28 01:00:00,2018-06-28 03:00:00
2018-06-28 06:35:00,10,Viviyan Rowlings,+7 495 301 3457,vrowlingsa@usda.gov,Female,Jakarta-Bandung,2018-06-29 06:00:00,2018-06-29 08:00:00
2018-07-12 08:37:00,11,Aleece Harring,+52 898 468 2017,aharring3@hexun.com,Female,Bandung-Jakarta,2018-07-13 08:00:00,2018-07-13 10:00:00
2018-08-02 21:11:00,12,Lavena Siely,+374 456 412 5016,lsielyh@paypal.com,Female,Jakarta-Bandung,2018-08-03 21:00:00,2018-08-03 23:00:00
2018-08-18 12:59:00,13,Godfree Tedorenko,+48 134 848 8086,gtedorenkoi@bravesites.com,Male,Jakarta-Bandung,2018-08-19 12:00:00,2018-08-19 14:00:00
2018-08-21 19:09:00,14,Eartha Capp,+86 139 531 7525,ecappf@google.ca,Female,Jakarta-Bandung,2018-08-22 19:00:00,2018-08-22 21:00:00
2018-08-27 07:33:00,15,Jerrie Cadagan,+232 976 330 6948,jcadaganc@amazon.com,Female,Jakarta-Bandung,2018-08-28 07:00:00,2018-08-28 09:00:00
2018-09-05 08:20:00,16,Loren Chestney,+62 636 924 1166,lchestney1@liveinternet.ru,Male,Bandung-Jakarta,2018-09-06 08:00:00,2018-09-06 10:00:00
2018-10-09 07:59:00,17,Dyanne Carragher,+380 572 398 9377,dcarragher8@timesonline.co.uk,Female,Jakarta-Bandung,2018-10-10 07:00:00,2018-10-10 09:00:00
2018-10-26 10:30:00,18,Philippa Aslin,+86 647 625 5012,paslin2@mapy.cz,Female,Bandung-Jakarta,2018-10-27 10:00:00,2018-10-27 12:00:00
2018-11-12 07:57:00,19,Orville Whodcoat,+55 580 620 5787,owhodcoat9@mysql.com,Male,Jakarta-Bandung,2018-11-13 07:00:00,2018-11-13 09:00:00
2018-11-25 15:34:00,20,Barbi Gutowska,+976 642 713 7343,bgutowskae@ezinearticles.com,Female,Jakarta-Bandung,2018-11-26 15:00:00,2018-11-26 17:00:00